{"cameraMode":{"drawMode":0,"name":"Shaded","section":"Shading Mode"},"sceneLighting":true,"audioPlay":false,"sceneViewState":{"showFog":true,"showMaterialUpdate":true,"showSkybox":true,"showFlares":true,"showImageEffects":true,"showParticleSystems":true},"in2DMode":false,"pivot":{"x":6.942322254180908,"y":-9.995439529418946,"z":54.93624496459961},"rotation":{"x":0.716587245464325,"y":-0.0010462448699399829,"z":0.0010748817585408688,"w":0.6974961757659912},"size":127.40182495117188,"orthographic":false}